Company,Role,Location,Link,DatePosted
The New York Times,Data Science Intern ,NYCHybridRemote,https://boards.greenhouse.io/thenewyorktimes/jobs/4340736005,Nov 18
The New York Times,Data Analyst Insights Intern ,NYCHybridRemote,https://boards.greenhouse.io/thenewyorktimes/jobs/4340637005,Nov 18
Intuitive Surgical,Data Science Intern,"Sunnyvale, CA",https://careers.intuitive.com/en/jobs/743999944875183/JOB5954/,Nov 18
Denali Therapeutics,Data Science - Intern,"San Francisco, CA",https://boards.greenhouse.io/dnli/jobs/5513060?gh_src=c9451b8b1us,Nov 18
Oracle,UX Data Science - Intern,United States,https://eeho.fa.us2.oraclecloud.com/hcmUI/CandidateExperience/en/sites/jobsearch/job/217958,Nov 15
Roblox,Data Science Intern,"San Mateo, CA",https://careers.roblox.com/jobs/5480501/apply?gh_src=ca08cb751us,Nov 14
Visa,Associate Data Scientist – Intern - Cybersecurity,"Ashburn, VA",https://jobs.smartrecruiters.com/Visa/743999943242512,Nov 09
Fizz,Machine Learning Intern - Summer 2024,"Palo Alto, CA",https://jobs.lever.co/fizz/d3647110-e2c2-4422-818d-de82e236ac74/apply,Nov 09
Elevance Health,Data Analyst Internship - Summer 2024 - Undergraduate,"Chicago, IL",https://elevancehealth.wd1.myworkdayjobs.com/en-US/ANT/job/IL-CHICAGO-233-S-WACKER-DR-STE-3700/Data-Analyst-Internship---Summer-2024--Undergraduate_JR95005-1,Nov 09
Databricks,Genai Machine Learning Engineer Intern,SF,https://boards.greenhouse.io/embed/job_app?token=7011259002,Nov 09
Zanbato,Data Engineering Intern Spring/Summer 2024,"Mountain View, CA",https://boards.greenhouse.io/zanbato/jobs/5486989,Nov 06
Ripple,Software Engineer Intern - Machine Learning - Summer 2024,"Toronto, ON, Canada",https://ripple.com/careers/all-jobs/job/5454377?gh_jid=5454377,Nov 06
Ripple,Software Engineer Intern - Data Science - Summer 2024,"Toronto, ON, Canada",https://ripple.com/careers/all-jobs/job/5417573?gh_jid=5417573,Nov 06
Golden Hippo,SEO Data Scientist Intern - Remote,Remote,https://boards.greenhouse.io/goldenhippo/jobs/4335653005,Nov 06
Blizzard Entertainment,2024 US Summer Internship - Analytics & Data Science,"Irvine, CA",https://activision.wd1.myworkdayjobs.com/Blizzard_External_Careers/job/Irvine---Blizzard---Blizzard-Way/XMLNAME-2024-US-Summer-Internship---Analytics---Data-Science_R021985,Nov 02
Trace3,AI Program Intern - Hybrid,"Irvine, CA",https://boards.greenhouse.io/trace3/jobs/5477963,Nov 01
Trace3,Data and Analytics Intern - Remote,United States,https://boards.greenhouse.io/trace3/jobs/5476254,Oct 31
Shamrock Trading,Data Services Intern,"Overland Park, KS",https://jobs.jobvite.com/shamrock/job/ozqdpfwl?nl=1&nl=1&fr=false,Oct 30
Visa,"Staff Machine Learning Scientist, Intern - Summer 2024 ","Austin, TX, USA",https://jobs.smartrecruiters.com/Visa/743999934413999-staff-machine-learning-scientist-intern-summer-2024?trid=623f64f4-c657-499b-989f-16ab0ccee0d9,Oct 26
Scale AI,Machine Learning Research Engineering Intern,"San Francisco, CA",https://boards.greenhouse.io/scaleai/jobs/4305872005,Oct 26
Fetch,Machine Learning Engineer Apprentice,"Madison, WI",https://boards.greenhouse.io/fetchrewards/jobs/5787815003,Oct 26
Fetch,Machine Learning Engineer Apprentice,"Chicago, IL",https://boards.greenhouse.io/fetchrewards/jobs/5787814003,Oct 26
Fetch,Machine Learning Engineer Apprentice,"Birmingham, AL",https://boards.greenhouse.io/fetchrewards/jobs/5787816003,Oct 26
NVIDIA,Developer Technology Intern - Data Analytics - Summer 2024,"Santa Clara, CANYCBoulder, CO",https://nvidia.wd5.myworkdayjobs.com/en-us/nvidiaexternalcareersite/job/US-CA-Santa-Clara/Developer-Technology-Intern--Data-Analytics---Summer-2024_JR1971214,Oct 24
eBay,Data Science Intern,"San Francisco, CABellevue, WANew York, NY",https://app.ripplematch.com/v2/public/job/da8ca0f1/details,Oct 24
Keysight Technologies,Machine Learning Engineering Internship ,"Atlanta, GA",https://careers-keysight.icims.com/jobs/13765/machine-learning-engineering-internship/job,Oct 23
Insitro,Data Science & Machine Learning Intern,"San Bruno, CA",https://boards.greenhouse.io/insitro/jobs/4295590006,Oct 21
Toyota,TFS Data Science Summer 2024 Internship,"Plano, TX",https://toyota.wd5.myworkdayjobs.com/TMNA_College/job/Plano-Texas/TFS-Data-Science-Summer-2024-Internship_10243939,Oct 20
Thermo Fisher,Data Science Intern,"Carlsbad, CA",https://jobs.thermofisher.com/global/en/job/R-01208462/Data-Science-Intern?rx_ch=jobpost&rx_job=R-01208462&rx_medium=post&rx_paid=0&rx_r=none&rx_source=linkedin&rx_ts=20231019T124203Z&rx_vp=linkedindirectindex&utm_medium=post,Oct 20
Lumen,Data Science ,Remote,https://jobs.lumen.com/global/en/job/331383/Intern-Data-Science-Summer-2024,Oct 20
Guidewire,Machine Learning Engineer Intern,"San Mateo, CA",https://jobs.lever.co/guidewire/b8768601-a37f-4170-85fa-36100ea059c1/apply,Oct 20
Vectra,Data Engineering Internship,"San Jose, CA",https://boards.greenhouse.io/vectranetworks/jobs/5449095,Oct 19
Vectra,Data Science Internship - San Jose,"San Jose, CA",https://boards.greenhouse.io/vectranetworks/jobs/5448970,Oct 19
Bristol-Myers Squibb,Summer 2024 – Internship - Applied Statistical Learning - Informatics & Predictive Science - Ips,"Cambridge, MA",https://bristolmyerssquibb.wd5.myworkdayjobs.com/en-US/BMS/job/Cambridge-Crossing---MA---US/Summer-2024---Applied-Statistical-Learning---Informatics---Predictive-Science--IPS--Internship_R1574588,Oct 19
Bristol-Myers Squibb,Summer 2024 – Internship - Data Science - Informatics and Predictive Sciences - Ips,"Cambridge, MA",https://bristolmyerssquibb.wd5.myworkdayjobs.com/en-US/BMS/job/Cambridge-Crossing---MA---US/Summer-2024---Data-Science---Informatics-and-Predictive-Sciences--IPS--Internship_R1574598,Oct 19
Salesforce,Summer 2024 Intern - Data Business Analyst,SF,https://salesforce.wd12.myworkdayjobs.com/en-us/External_Career_Site/job/California---San-Francisco/Summer-2024-Intern---Data-Business-Analyst_JR223727,Oct 18
Global Atlantic Financial Group,2024 Risk & Data Analytics Intern,NYC,https://boards.greenhouse.io/gainternships/jobs/5433969,Oct 18
Sabre,Data Science - 2024 Summer Intern,"Dallas, TX",https://sabre.wd1.myworkdayjobs.com/en-US/SabreJobs/job/Dallas-Fort-Worth-Metroplex/Data-Science---2024-Summer-Intern_JR102529,Oct 17
Corning,Data Science Intern ,"Corning, NY",https://corningjobs.corning.com/job/Corning-Data-Science-Intern-NY-14831/1082184300/,Oct 17
Atlassian,Data Science Intern ,"Mountain View, CA",https://campus-americas.icims.com/jobs/10594/job,Oct 13
Atlassian,Machine Learning Scientist Intern ,"San Francisco, CA",https://campus-americas.icims.com/jobs/11273/machine-learning-scientist-intern%252c-2024-summer-u.s/job?iis=LINKEDIN&iisn=LINKEDIN&trid=1e0b9127-2df6-4b3d-8bc4-d81ae332a601,Oct 13
Centerfield,Data Engineer Intern - Summer 2024,LA,https://jobs.lever.co/centerfield/0bc14b28-6ab3-4dc8-8d93-773f8ff222bb/apply,Oct 11
Adobe,2024 Intern - Machine Learning Engineer,"6 locationsSan Jose, CAAustin, TXSan Francisco, CALehi, UTSeattle, WANew York, NY",https://careers.adobe.com/us/en/job/R141150/2024-Intern-Machine-Learning-Engineer,Oct 11
Zoox,Security Data Visualization Internship/Co-op,"San Mateo, CA",https://jobs.lever.co/zoox/bec26265-c159-40ba-b249-4d9b2604f3cc/apply,Oct 10
Rivian,Engineering Intern – 7-Month Co-Op Program - Machine Learning - Vision,"Normal, IL",https://careers.rivian.com/jobs/13816?lang=en-us&icims=1,Oct 10
Spectrum,Data Science ,"Greenwood Village, Colorado",https://jobs.spectrum.com/job/greenwood-village/2024-summer-intern-data-science/4673/54899712928,Oct 06
Spectrum,Data Developer ,"Greenwood Village, Colorado",https://jobs.spectrum.com/job/greenwood-village/2024-summer-intern-data-developer/4673/54742370256,Oct 06
Notion,"Data Scientist Intern, Sales and Success (Summer 2024)","San Francisco, CA",https://app.ripplematch.com/v2/public/job/041fe806/details,Oct 06
Notion,"Data Scientist Intern, Growth (Summer 2024)","San Francisco, CA",https://app.ripplematch.com/v2/public/job/787afef6/details,Oct 05
Palantir,Machine Learning Researcher – Internship,"Washington, DC",https://jobs.lever.co/palantir/9eda4c9e-768f-4707-b002-1c4349269cd0/apply,Oct 03
Palantir,Machine Learning Researcher – Internship,"Seattle, WA",https://jobs.lever.co/palantir/ba8994c7-1c6d-4567-9032-441495b5e1b6/apply,Oct 03
Atlassian,Data Science Intern,"Mountain View, CA",https://www.atlassian.com/company/careers/details/10594,Oct 03
Asana,SF Summer Data Science Internship,SF,https://www.asana.com/jobs/apply/5175585?gh_jid=5175585,Oct 03
Zoox,Data Science Intern,"San Mateo, CA",https://jobs.lever.co/zoox/9309308c-4af1-4696-a24b-c699d2c316b5/apply,Sep 28
StackAdapt,Data Analyst – Intern,Canada,https://jobs.lever.co/stackadapt/fb4adade-d082-40bc-a71a-a5be6c05c6d6/apply,Sep 21
Recorded Future,Data Science Co-op - Research - Python - Nosql,"Cambridge, MA",https://boards.greenhouse.io/recordedfuture/jobs/6937026002,Sep 19
First Resonance,Data Engineer Intern - 2024 ,Remote,https://boards.greenhouse.io/firstresonance/jobs/5735233003,Sep 13
Perpay,Data Engineering Internship - 2024,"Philadelphia, PA",https://boards.greenhouse.io/perpay/jobs/4076965007,Sep 12
Overbond,Data Science Intern – Pey/Co-Op,Canada,https://jobs.lever.co/overbond/3982e23c-e913-4a51-b237-7108cf3a3fc1/apply,Sep 12
OP3N,Machine Learning Engineer Intern - Remote,LA,https://boards.greenhouse.io/op3n/jobs/4251821006,Sep 12
Gilead Sciences,Intern – Global Clinical Data Standards,"San Mateo, CA",https://gilead.wd1.myworkdayjobs.com/gileadcareers/job/United-States---California---Foster-City/Intern---Global-Clinical-Data-Standards_R0037772,Sep 12
Gilead Sciences,Intern – Clinical Data Science - Development Systems,"San Mateo, CA",https://gilead.wd1.myworkdayjobs.com/gileadcareers/job/United-States---California---Foster-City/Intern---Clinical-Data-Science--Development-Systems_R0037853,Sep 12
Gilead Sciences,Intern – Associate Data Visualization Programmer,"San Mateo, CA",https://gilead.wd1.myworkdayjobs.com/gileadcareers/job/United-States---California---Foster-City/Intern---Associate-Data-Visualization-Programmer_R0037774,Sep 07
General Mills,Data Science Intern ,"Minneapolis, MN",https://app.ripplematch.com/v2/public/job/71309fd0/details,Sep 06
Honeywell,IT or Cybersecurity or Data Science Intern ,Multiple,https://careers.honeywell.com/us/en/job/HONEUSREQ413283EXTERNALENUS/Information-Systems-IT-Cyber-Engineer-Data-Science-Summer-2024-Intern-Co-Ops-US-Person-Requir,Aug 24
Figma,Data Science Intern (2024),"San Francisco, CANew York, NY",https://app.ripplematch.com/v2/public/job/f1076b21/details,Aug 24
Rivian,Data Engineering and Analytics – Summer 2024 Internships ,"Irvine, CA",https://careers.rivian.com/jobs/12601?lang=en-us&icims=1,Aug 23
Wells Fargo,Software or Data Engineer Intern ,Multiple,https://www.wellsfargojobs.com/en/jobs/r-298768/2024-summer-internship-early-careers-technology-software-or-data-engineer,Aug 21
Salesforce,Summer 2024 Intern - Data Science - Data & Analytics,"Indianapolis, INDallas, TXAtlanta, GA",https://salesforce.wd12.myworkdayjobs.com/en-us/External_Career_Site/job/Texas---Dallas/Data-Science-Intern--Data---Analytics--Summer-2024-_JR211411-1,Aug 18
Intel,Undergraduate Internship - Data Science - Bachelors,"4 locationsAlbuquerque, NMSanta Clara, CAHillsboro, ORPhoenix, AZ",https://intel.wd1.myworkdayjobs.com/en-us/external/job/US-Arizona-Phoenix/Undergraduate-Internship---Data-Science---Bachelors-_JR0247229,Aug 11
Jump Trading,Campus Data Engineer – Intern,"Chicago, IL",https://www.jumptrading.com/careers/5281435?gh_jid=5281435,Aug 09
Tesla,Software Engineering & Machine Learning Intern - Vehicle Hardware,"Palo Alto, CA",https://www.tesla.com/careers/search/job/vehicle-hardware-software-engineering-and-machine-learning-internship-spring-summer-2024-206421,Aug 05
JD.com Inc,JD Logistics – Data Analyst Intern - Logistics/Supply Chain,"Fontana, CA",https://boards.greenhouse.io/jdcom/jobs/6452981002,Aug 04
Cisco,Data Scientist Intern,Multiple Locations,https://jobs.cisco.com/jobs/ProjectDetail/Data-Scientist-Intern-United-States/1405351?source=Cisco+Jobs+Career+Site&tags=CDC+Browse+all+jobs,Aug 02
Cisco,Data Engineer Intern,Multiple Locations,https://jobs.cisco.com/jobs/ProjectDetail/Data-Engineer-Intern-United-States/1405278?source=Cisco+Jobs+Career+Site&tags=CDC+Browse+all+jobs,Aug 02
Wells Fargo,Data Analytics - Summer 2024  ,Multiple,https://www.wellsfargojobs.com/en/jobs/r-295402/2024-summer-internship-early-careers-analytics-data?jClickId=0f76a32d-92ba-4e35-8e19-d7a3a2b682ce&publisher=Linkedin%2520Flat%2520bid&utm_source=joveo,Aug 01
Red Ventures,2024 Launch Program: Data Analyst Intern,"Charlotte, NC",https://www.redventures.com/careers/apply/5209748?gh_jid=5209748,Jul 30
WebFX,Business Data Analyst Internship,"Harrisburg, PA",https://jobs.lever.co/webfx/cf2e63c1-94ba-4478-b1cd-acc54cadfc75/apply,Jul 2023
The Block,Research Intern - Data,Remote in USA,https://jobs.lever.co/theblockcrypto/00ecc02c-b30e-4d1b-a02b-2f400e53e66a/apply,Jul 2023
Fyusion,Computer Vision Intern - Deep Learning,SF,https://jobs.lever.co/fyusion/31540b34-b559-4f3b-8c0a-688d504d7288/apply,Nov 2022
